{"cameraMode":{"drawMode":0,"name":"Shaded","section":"Shading Mode"},"sceneLighting":true,"audioPlay":false,"sceneViewState":{"showFog":true,"showMaterialUpdate":false,"showSkybox":true,"showFlares":true,"showImageEffects":true,"showParticleSystems":true},"in2DMode":false,"pivot":{"x":81.60650634765625,"y":40.55686950683594,"z":112.61250305175781},"rotation":{"x":0.00750008225440979,"y":-0.00149919290561229,"z":0.000010021039997809567,"w":0.9999707937240601},"size":137.74781799316407,"orthographic":true}