{"cameraMode":{"drawMode":0,"name":"Shaded","section":"Shading Mode"},"sceneLighting":true,"audioPlay":false,"sceneViewState":{"showFog":true,"showMaterialUpdate":false,"showSkybox":true,"showFlares":true,"showImageEffects":true,"showParticleSystems":true},"in2DMode":false,"pivot":{"x":99.8030014038086,"y":68.1190414428711,"z":38.337379455566409},"rotation":{"x":-0.031472690403461459,"y":0.03747246041893959,"z":0.0011809914140030742,"w":0.9988012909889221},"size":155.40817260742188,"orthographic":true}